<?xml version="1.0" encoding="UTF-8"?>
<sspaceex xmlns="http://www-verimag.imag.fr/xml-namespaces/sspaceex" version="0.2" math="SpaceEx">
	<component id="rod_template">
		<param name="x" type="real" local="true" d1="1" d2="1" dynamics="any" />
		<param name="rod_t0" type="label" local="false" />
		<param name="add" type="label" local="false" />
		<param name="remove" type="label" local="false" />
		<param name="recovery" type="label" local="false" />
		<location id="1" name="out">
			<invariant>x&lt;=10000</invariant>
			<flow>x'&lt;=1.1 &amp; x'&gt;=0.9</flow>
		</location>
		<location id="2" name="in">
			<invariant>x&lt;=10000</invariant>
			<flow>x'&lt;=1.1 &amp; x'&gt;=0.9</flow>
		</location>
		<location id="3" name="recover">
			<invariant>x&lt;=10000</invariant>
			<flow>x'&lt;=1.1 &amp; x'&gt;=0.9</flow>
		</location>
		<transition source="1" target="2">
			<label>add</label>
			<guard>x&gt;=1</guard>
			<assignment>x:=0</assignment>
		</transition>
		<transition source="2" target="3">
			<label>remove</label>
		</transition>
		<transition source="3" target="1">
			<label>recovery</label>
		</transition>
	</component>
	<component id="controller_template">
		<param name="x" type="real" local="true" d1="1" d2="1" dynamics="any" />
		<param name="t0" type="label" local="false" />
		<param name="add_1" type="label" local="false" />
		<param name="remove_1" type="label" local="false" />
		<param name="add_2" type="label" local="false" />
		<param name="remove_2" type="label" local="false" />
		<param name="add_3" type="label" local="false" />
		<param name="remove_3" type="label" local="false" />
		<param name="add_4" type="label" local="false" />
		<param name="remove_4" type="label" local="false" />
		<param name="add_5" type="label" local="false" />
		<param name="remove_5" type="label" local="false" />
		<param name="add_6" type="label" local="false" />
		<param name="remove_6" type="label" local="false" />
		<param name="add_7" type="label" local="false" />
		<param name="remove_7" type="label" local="false" />
		<param name="add_8" type="label" local="false" />
		<param name="remove_8" type="label" local="false" />
		<param name="add_9" type="label" local="false" />
		<param name="remove_9" type="label" local="false" />
		<param name="add_10" type="label" local="false" />
		<param name="remove_10" type="label" local="false" />
		<param name="add_11" type="label" local="false" />
		<param name="remove_11" type="label" local="false" />
		<param name="add_12" type="label" local="false" />
		<param name="remove_12" type="label" local="false" />
		<param name="add_13" type="label" local="false" />
		<param name="remove_13" type="label" local="false" />
		<param name="add_14" type="label" local="false" />
		<param name="remove_14" type="label" local="false" />
		<param name="add_15" type="label" local="false" />
		<param name="remove_15" type="label" local="false" />
		<param name="add_16" type="label" local="false" />
		<param name="remove_16" type="label" local="false" />
		<param name="add_17" type="label" local="false" />
		<param name="remove_17" type="label" local="false" />
		<param name="add_18" type="label" local="false" />
		<param name="remove_18" type="label" local="false" />
		<param name="add_19" type="label" local="false" />
		<param name="remove_19" type="label" local="false" />
		<param name="add_20" type="label" local="false" />
		<param name="remove_20" type="label" local="false" />
		<param name="add_21" type="label" local="false" />
		<param name="remove_21" type="label" local="false" />
		<param name="add_22" type="label" local="false" />
		<param name="remove_22" type="label" local="false" />
		<param name="add_23" type="label" local="false" />
		<param name="remove_23" type="label" local="false" />
		<param name="add_24" type="label" local="false" />
		<param name="remove_24" type="label" local="false" />
		<param name="add_25" type="label" local="false" />
		<param name="remove_25" type="label" local="false" />
		<param name="add_26" type="label" local="false" />
		<param name="remove_26" type="label" local="false" />
		<param name="add_27" type="label" local="false" />
		<param name="remove_27" type="label" local="false" />
		<param name="add_28" type="label" local="false" />
		<param name="remove_28" type="label" local="false" />
		<param name="add_29" type="label" local="false" />
		<param name="remove_29" type="label" local="false" />
		<param name="add_30" type="label" local="false" />
		<param name="remove_30" type="label" local="false" />
		<param name="add_31" type="label" local="false" />
		<param name="remove_31" type="label" local="false" />
		<param name="add_32" type="label" local="false" />
		<param name="remove_32" type="label" local="false" />
		<param name="add_33" type="label" local="false" />
		<param name="remove_33" type="label" local="false" />
		<param name="add_34" type="label" local="false" />
		<param name="remove_34" type="label" local="false" />
		<param name="add_35" type="label" local="false" />
		<param name="remove_35" type="label" local="false" />
		<param name="add_36" type="label" local="false" />
		<param name="remove_36" type="label" local="false" />
		<param name="add_37" type="label" local="false" />
		<param name="remove_37" type="label" local="false" />
		<param name="add_38" type="label" local="false" />
		<param name="remove_38" type="label" local="false" />
		<param name="add_39" type="label" local="false" />
		<param name="remove_39" type="label" local="false" />
		<param name="add_40" type="label" local="false" />
		<param name="remove_40" type="label" local="false" />
		<param name="add_41" type="label" local="false" />
		<param name="remove_41" type="label" local="false" />
		<param name="add_42" type="label" local="false" />
		<param name="remove_42" type="label" local="false" />
		<param name="add_43" type="label" local="false" />
		<param name="remove_43" type="label" local="false" />
		<param name="add_44" type="label" local="false" />
		<param name="remove_44" type="label" local="false" />
		<param name="add_45" type="label" local="false" />
		<param name="remove_45" type="label" local="false" />
		<param name="add_46" type="label" local="false" />
		<param name="remove_46" type="label" local="false" />
		<param name="add_47" type="label" local="false" />
		<param name="remove_47" type="label" local="false" />
		<param name="add_48" type="label" local="false" />
		<param name="remove_48" type="label" local="false" />
		<param name="add_49" type="label" local="false" />
		<param name="remove_49" type="label" local="false" />
		<param name="add_50" type="label" local="false" />
		<param name="remove_50" type="label" local="false" />
		<param name="add_51" type="label" local="false" />
		<param name="remove_51" type="label" local="false" />
		<param name="add_52" type="label" local="false" />
		<param name="remove_52" type="label" local="false" />
		<param name="add_53" type="label" local="false" />
		<param name="remove_53" type="label" local="false" />
		<param name="add_54" type="label" local="false" />
		<param name="remove_54" type="label" local="false" />
		<param name="add_55" type="label" local="false" />
		<param name="remove_55" type="label" local="false" />
		<param name="add_56" type="label" local="false" />
		<param name="remove_56" type="label" local="false" />
		<location id="1" name="rod_0">
			<invariant>x&lt;=16.1</invariant>
			<flow>x'&lt;=1.1 &amp; x'&gt;=0.9</flow>
		</location>
		<location id=2 name="rod_1">
			<invariant>x&lt;=5.9</invariant>
			<flow>x'&lt;=1.1 &amp; x'&gt;=0.9</flow>
		</location>
		<location id=3 name="rod_2">
			<invariant>x&lt;=5.9</invariant>
			<flow>x'&lt;=1.1 &amp; x'&gt;=0.9</flow>
		</location>
		<location id=4 name="rod_3">
			<invariant>x&lt;=5.9</invariant>
			<flow>x'&lt;=1.1 &amp; x'&gt;=0.9</flow>
		</location>
		<location id=5 name="rod_4">
			<invariant>x&lt;=5.9</invariant>
			<flow>x'&lt;=1.1 &amp; x'&gt;=0.9</flow>
		</location>
		<location id=6 name="rod_5">
			<invariant>x&lt;=5.9</invariant>
			<flow>x'&lt;=1.1 &amp; x'&gt;=0.9</flow>
		</location>
		<location id=7 name="rod_6">
			<invariant>x&lt;=5.9</invariant>
			<flow>x'&lt;=1.1 &amp; x'&gt;=0.9</flow>
		</location>
		<location id=8 name="rod_7">
			<invariant>x&lt;=5.9</invariant>
			<flow>x'&lt;=1.1 &amp; x'&gt;=0.9</flow>
		</location>
		<location id=9 name="rod_8">
			<invariant>x&lt;=5.9</invariant>
			<flow>x'&lt;=1.1 &amp; x'&gt;=0.9</flow>
		</location>
		<location id=10 name="rod_9">
			<invariant>x&lt;=5.9</invariant>
			<flow>x'&lt;=1.1 &amp; x'&gt;=0.9</flow>
		</location>
		<location id=11 name="rod_10">
			<invariant>x&lt;=5.9</invariant>
			<flow>x'&lt;=1.1 &amp; x'&gt;=0.9</flow>
		</location>
		<location id=12 name="rod_11">
			<invariant>x&lt;=5.9</invariant>
			<flow>x'&lt;=1.1 &amp; x'&gt;=0.9</flow>
		</location>
		<location id=13 name="rod_12">
			<invariant>x&lt;=5.9</invariant>
			<flow>x'&lt;=1.1 &amp; x'&gt;=0.9</flow>
		</location>
		<location id=14 name="rod_13">
			<invariant>x&lt;=5.9</invariant>
			<flow>x'&lt;=1.1 &amp; x'&gt;=0.9</flow>
		</location>
		<location id=15 name="rod_14">
			<invariant>x&lt;=5.9</invariant>
			<flow>x'&lt;=1.1 &amp; x'&gt;=0.9</flow>
		</location>
		<location id=16 name="rod_15">
			<invariant>x&lt;=5.9</invariant>
			<flow>x'&lt;=1.1 &amp; x'&gt;=0.9</flow>
		</location>
		<location id=17 name="rod_16">
			<invariant>x&lt;=5.9</invariant>
			<flow>x'&lt;=1.1 &amp; x'&gt;=0.9</flow>
		</location>
		<location id=18 name="rod_17">
			<invariant>x&lt;=5.9</invariant>
			<flow>x'&lt;=1.1 &amp; x'&gt;=0.9</flow>
		</location>
		<location id=19 name="rod_18">
			<invariant>x&lt;=5.9</invariant>
			<flow>x'&lt;=1.1 &amp; x'&gt;=0.9</flow>
		</location>
		<location id=20 name="rod_19">
			<invariant>x&lt;=5.9</invariant>
			<flow>x'&lt;=1.1 &amp; x'&gt;=0.9</flow>
		</location>
		<location id=21 name="rod_20">
			<invariant>x&lt;=5.9</invariant>
			<flow>x'&lt;=1.1 &amp; x'&gt;=0.9</flow>
		</location>
		<location id=22 name="rod_21">
			<invariant>x&lt;=5.9</invariant>
			<flow>x'&lt;=1.1 &amp; x'&gt;=0.9</flow>
		</location>
		<location id=23 name="rod_22">
			<invariant>x&lt;=5.9</invariant>
			<flow>x'&lt;=1.1 &amp; x'&gt;=0.9</flow>
		</location>
		<location id=24 name="rod_23">
			<invariant>x&lt;=5.9</invariant>
			<flow>x'&lt;=1.1 &amp; x'&gt;=0.9</flow>
		</location>
		<location id=25 name="rod_24">
			<invariant>x&lt;=5.9</invariant>
			<flow>x'&lt;=1.1 &amp; x'&gt;=0.9</flow>
		</location>
		<location id=26 name="rod_25">
			<invariant>x&lt;=5.9</invariant>
			<flow>x'&lt;=1.1 &amp; x'&gt;=0.9</flow>
		</location>
		<location id=27 name="rod_26">
			<invariant>x&lt;=5.9</invariant>
			<flow>x'&lt;=1.1 &amp; x'&gt;=0.9</flow>
		</location>
		<location id=28 name="rod_27">
			<invariant>x&lt;=5.9</invariant>
			<flow>x'&lt;=1.1 &amp; x'&gt;=0.9</flow>
		</location>
		<location id=29 name="rod_28">
			<invariant>x&lt;=5.9</invariant>
			<flow>x'&lt;=1.1 &amp; x'&gt;=0.9</flow>
		</location>
		<location id=30 name="rod_29">
			<invariant>x&lt;=5.9</invariant>
			<flow>x'&lt;=1.1 &amp; x'&gt;=0.9</flow>
		</location>
		<location id=31 name="rod_30">
			<invariant>x&lt;=5.9</invariant>
			<flow>x'&lt;=1.1 &amp; x'&gt;=0.9</flow>
		</location>
		<location id=32 name="rod_31">
			<invariant>x&lt;=5.9</invariant>
			<flow>x'&lt;=1.1 &amp; x'&gt;=0.9</flow>
		</location>
		<location id=33 name="rod_32">
			<invariant>x&lt;=5.9</invariant>
			<flow>x'&lt;=1.1 &amp; x'&gt;=0.9</flow>
		</location>
		<location id=34 name="rod_33">
			<invariant>x&lt;=5.9</invariant>
			<flow>x'&lt;=1.1 &amp; x'&gt;=0.9</flow>
		</location>
		<location id=35 name="rod_34">
			<invariant>x&lt;=5.9</invariant>
			<flow>x'&lt;=1.1 &amp; x'&gt;=0.9</flow>
		</location>
		<location id=36 name="rod_35">
			<invariant>x&lt;=5.9</invariant>
			<flow>x'&lt;=1.1 &amp; x'&gt;=0.9</flow>
		</location>
		<location id=37 name="rod_36">
			<invariant>x&lt;=5.9</invariant>
			<flow>x'&lt;=1.1 &amp; x'&gt;=0.9</flow>
		</location>
		<location id=38 name="rod_37">
			<invariant>x&lt;=5.9</invariant>
			<flow>x'&lt;=1.1 &amp; x'&gt;=0.9</flow>
		</location>
		<location id=39 name="rod_38">
			<invariant>x&lt;=5.9</invariant>
			<flow>x'&lt;=1.1 &amp; x'&gt;=0.9</flow>
		</location>
		<location id=40 name="rod_39">
			<invariant>x&lt;=5.9</invariant>
			<flow>x'&lt;=1.1 &amp; x'&gt;=0.9</flow>
		</location>
		<location id=41 name="rod_40">
			<invariant>x&lt;=5.9</invariant>
			<flow>x'&lt;=1.1 &amp; x'&gt;=0.9</flow>
		</location>
		<location id=42 name="rod_41">
			<invariant>x&lt;=5.9</invariant>
			<flow>x'&lt;=1.1 &amp; x'&gt;=0.9</flow>
		</location>
		<location id=43 name="rod_42">
			<invariant>x&lt;=5.9</invariant>
			<flow>x'&lt;=1.1 &amp; x'&gt;=0.9</flow>
		</location>
		<location id=44 name="rod_43">
			<invariant>x&lt;=5.9</invariant>
			<flow>x'&lt;=1.1 &amp; x'&gt;=0.9</flow>
		</location>
		<location id=45 name="rod_44">
			<invariant>x&lt;=5.9</invariant>
			<flow>x'&lt;=1.1 &amp; x'&gt;=0.9</flow>
		</location>
		<location id=46 name="rod_45">
			<invariant>x&lt;=5.9</invariant>
			<flow>x'&lt;=1.1 &amp; x'&gt;=0.9</flow>
		</location>
		<location id=47 name="rod_46">
			<invariant>x&lt;=5.9</invariant>
			<flow>x'&lt;=1.1 &amp; x'&gt;=0.9</flow>
		</location>
		<location id=48 name="rod_47">
			<invariant>x&lt;=5.9</invariant>
			<flow>x'&lt;=1.1 &amp; x'&gt;=0.9</flow>
		</location>
		<location id=49 name="rod_48">
			<invariant>x&lt;=5.9</invariant>
			<flow>x'&lt;=1.1 &amp; x'&gt;=0.9</flow>
		</location>
		<location id=50 name="rod_49">
			<invariant>x&lt;=5.9</invariant>
			<flow>x'&lt;=1.1 &amp; x'&gt;=0.9</flow>
		</location>
		<location id=51 name="rod_50">
			<invariant>x&lt;=5.9</invariant>
			<flow>x'&lt;=1.1 &amp; x'&gt;=0.9</flow>
		</location>
		<location id=52 name="rod_51">
			<invariant>x&lt;=5.9</invariant>
			<flow>x'&lt;=1.1 &amp; x'&gt;=0.9</flow>
		</location>
		<location id=53 name="rod_52">
			<invariant>x&lt;=5.9</invariant>
			<flow>x'&lt;=1.1 &amp; x'&gt;=0.9</flow>
		</location>
		<location id=54 name="rod_53">
			<invariant>x&lt;=5.9</invariant>
			<flow>x'&lt;=1.1 &amp; x'&gt;=0.9</flow>
		</location>
		<location id=55 name="rod_54">
			<invariant>x&lt;=5.9</invariant>
			<flow>x'&lt;=1.1 &amp; x'&gt;=0.9</flow>
		</location>
		<location id=56 name="rod_55">
			<invariant>x&lt;=5.9</invariant>
			<flow>x'&lt;=1.1 &amp; x'&gt;=0.9</flow>
		</location>
		<location id=57 name="rod_56">
			<invariant>x&lt;=5.9</invariant>
			<flow>x'&lt;=1.1 &amp; x'&gt;=0.9</flow>
		</location>
		<transition source="1" target="2">
			<label>add_1</label>
			<guard>x&gt;=16 &amp; x&lt;=16.1</guard>
			<assignment>x:=0</assignment>
		</transition>
		<transition source="1" target="3">
			<label>add_2</label>
			<guard>x&gt;=16 &amp; x&lt;=16.1</guard>
			<assignment>x:=0</assignment>
		</transition>
		<transition source="1" target="4">
			<label>add_3</label>
			<guard>x&gt;=16 &amp; x&lt;=16.1</guard>
			<assignment>x:=0</assignment>
		</transition>
		<transition source="1" target="5">
			<label>add_4</label>
			<guard>x&gt;=16 &amp; x&lt;=16.1</guard>
			<assignment>x:=0</assignment>
		</transition>
		<transition source="1" target="6">
			<label>add_5</label>
			<guard>x&gt;=16 &amp; x&lt;=16.1</guard>
			<assignment>x:=0</assignment>
		</transition>
		<transition source="1" target="7">
			<label>add_6</label>
			<guard>x&gt;=16 &amp; x&lt;=16.1</guard>
			<assignment>x:=0</assignment>
		</transition>
		<transition source="1" target="8">
			<label>add_7</label>
			<guard>x&gt;=16 &amp; x&lt;=16.1</guard>
			<assignment>x:=0</assignment>
		</transition>
		<transition source="1" target="9">
			<label>add_8</label>
			<guard>x&gt;=16 &amp; x&lt;=16.1</guard>
			<assignment>x:=0</assignment>
		</transition>
		<transition source="1" target="10">
			<label>add_9</label>
			<guard>x&gt;=16 &amp; x&lt;=16.1</guard>
			<assignment>x:=0</assignment>
		</transition>
		<transition source="1" target="11">
			<label>add_10</label>
			<guard>x&gt;=16 &amp; x&lt;=16.1</guard>
			<assignment>x:=0</assignment>
		</transition>
		<transition source="1" target="12">
			<label>add_11</label>
			<guard>x&gt;=16 &amp; x&lt;=16.1</guard>
			<assignment>x:=0</assignment>
		</transition>
		<transition source="1" target="13">
			<label>add_12</label>
			<guard>x&gt;=16 &amp; x&lt;=16.1</guard>
			<assignment>x:=0</assignment>
		</transition>
		<transition source="1" target="14">
			<label>add_13</label>
			<guard>x&gt;=16 &amp; x&lt;=16.1</guard>
			<assignment>x:=0</assignment>
		</transition>
		<transition source="1" target="15">
			<label>add_14</label>
			<guard>x&gt;=16 &amp; x&lt;=16.1</guard>
			<assignment>x:=0</assignment>
		</transition>
		<transition source="1" target="16">
			<label>add_15</label>
			<guard>x&gt;=16 &amp; x&lt;=16.1</guard>
			<assignment>x:=0</assignment>
		</transition>
		<transition source="1" target="17">
			<label>add_16</label>
			<guard>x&gt;=16 &amp; x&lt;=16.1</guard>
			<assignment>x:=0</assignment>
		</transition>
		<transition source="1" target="18">
			<label>add_17</label>
			<guard>x&gt;=16 &amp; x&lt;=16.1</guard>
			<assignment>x:=0</assignment>
		</transition>
		<transition source="1" target="19">
			<label>add_18</label>
			<guard>x&gt;=16 &amp; x&lt;=16.1</guard>
			<assignment>x:=0</assignment>
		</transition>
		<transition source="1" target="20">
			<label>add_19</label>
			<guard>x&gt;=16 &amp; x&lt;=16.1</guard>
			<assignment>x:=0</assignment>
		</transition>
		<transition source="1" target="21">
			<label>add_20</label>
			<guard>x&gt;=16 &amp; x&lt;=16.1</guard>
			<assignment>x:=0</assignment>
		</transition>
		<transition source="1" target="22">
			<label>add_21</label>
			<guard>x&gt;=16 &amp; x&lt;=16.1</guard>
			<assignment>x:=0</assignment>
		</transition>
		<transition source="1" target="23">
			<label>add_22</label>
			<guard>x&gt;=16 &amp; x&lt;=16.1</guard>
			<assignment>x:=0</assignment>
		</transition>
		<transition source="1" target="24">
			<label>add_23</label>
			<guard>x&gt;=16 &amp; x&lt;=16.1</guard>
			<assignment>x:=0</assignment>
		</transition>
		<transition source="1" target="25">
			<label>add_24</label>
			<guard>x&gt;=16 &amp; x&lt;=16.1</guard>
			<assignment>x:=0</assignment>
		</transition>
		<transition source="1" target="26">
			<label>add_25</label>
			<guard>x&gt;=16 &amp; x&lt;=16.1</guard>
			<assignment>x:=0</assignment>
		</transition>
		<transition source="1" target="27">
			<label>add_26</label>
			<guard>x&gt;=16 &amp; x&lt;=16.1</guard>
			<assignment>x:=0</assignment>
		</transition>
		<transition source="1" target="28">
			<label>add_27</label>
			<guard>x&gt;=16 &amp; x&lt;=16.1</guard>
			<assignment>x:=0</assignment>
		</transition>
		<transition source="1" target="29">
			<label>add_28</label>
			<guard>x&gt;=16 &amp; x&lt;=16.1</guard>
			<assignment>x:=0</assignment>
		</transition>
		<transition source="1" target="30">
			<label>add_29</label>
			<guard>x&gt;=16 &amp; x&lt;=16.1</guard>
			<assignment>x:=0</assignment>
		</transition>
		<transition source="1" target="31">
			<label>add_30</label>
			<guard>x&gt;=16 &amp; x&lt;=16.1</guard>
			<assignment>x:=0</assignment>
		</transition>
		<transition source="1" target="32">
			<label>add_31</label>
			<guard>x&gt;=16 &amp; x&lt;=16.1</guard>
			<assignment>x:=0</assignment>
		</transition>
		<transition source="1" target="33">
			<label>add_32</label>
			<guard>x&gt;=16 &amp; x&lt;=16.1</guard>
			<assignment>x:=0</assignment>
		</transition>
		<transition source="1" target="34">
			<label>add_33</label>
			<guard>x&gt;=16 &amp; x&lt;=16.1</guard>
			<assignment>x:=0</assignment>
		</transition>
		<transition source="1" target="35">
			<label>add_34</label>
			<guard>x&gt;=16 &amp; x&lt;=16.1</guard>
			<assignment>x:=0</assignment>
		</transition>
		<transition source="1" target="36">
			<label>add_35</label>
			<guard>x&gt;=16 &amp; x&lt;=16.1</guard>
			<assignment>x:=0</assignment>
		</transition>
		<transition source="1" target="37">
			<label>add_36</label>
			<guard>x&gt;=16 &amp; x&lt;=16.1</guard>
			<assignment>x:=0</assignment>
		</transition>
		<transition source="1" target="38">
			<label>add_37</label>
			<guard>x&gt;=16 &amp; x&lt;=16.1</guard>
			<assignment>x:=0</assignment>
		</transition>
		<transition source="1" target="39">
			<label>add_38</label>
			<guard>x&gt;=16 &amp; x&lt;=16.1</guard>
			<assignment>x:=0</assignment>
		</transition>
		<transition source="1" target="40">
			<label>add_39</label>
			<guard>x&gt;=16 &amp; x&lt;=16.1</guard>
			<assignment>x:=0</assignment>
		</transition>
		<transition source="1" target="41">
			<label>add_40</label>
			<guard>x&gt;=16 &amp; x&lt;=16.1</guard>
			<assignment>x:=0</assignment>
		</transition>
		<transition source="1" target="42">
			<label>add_41</label>
			<guard>x&gt;=16 &amp; x&lt;=16.1</guard>
			<assignment>x:=0</assignment>
		</transition>
		<transition source="1" target="43">
			<label>add_42</label>
			<guard>x&gt;=16 &amp; x&lt;=16.1</guard>
			<assignment>x:=0</assignment>
		</transition>
		<transition source="1" target="44">
			<label>add_43</label>
			<guard>x&gt;=16 &amp; x&lt;=16.1</guard>
			<assignment>x:=0</assignment>
		</transition>
		<transition source="1" target="45">
			<label>add_44</label>
			<guard>x&gt;=16 &amp; x&lt;=16.1</guard>
			<assignment>x:=0</assignment>
		</transition>
		<transition source="1" target="46">
			<label>add_45</label>
			<guard>x&gt;=16 &amp; x&lt;=16.1</guard>
			<assignment>x:=0</assignment>
		</transition>
		<transition source="1" target="47">
			<label>add_46</label>
			<guard>x&gt;=16 &amp; x&lt;=16.1</guard>
			<assignment>x:=0</assignment>
		</transition>
		<transition source="1" target="48">
			<label>add_47</label>
			<guard>x&gt;=16 &amp; x&lt;=16.1</guard>
			<assignment>x:=0</assignment>
		</transition>
		<transition source="1" target="49">
			<label>add_48</label>
			<guard>x&gt;=16 &amp; x&lt;=16.1</guard>
			<assignment>x:=0</assignment>
		</transition>
		<transition source="1" target="50">
			<label>add_49</label>
			<guard>x&gt;=16 &amp; x&lt;=16.1</guard>
			<assignment>x:=0</assignment>
		</transition>
		<transition source="1" target="51">
			<label>add_50</label>
			<guard>x&gt;=16 &amp; x&lt;=16.1</guard>
			<assignment>x:=0</assignment>
		</transition>
		<transition source="1" target="52">
			<label>add_51</label>
			<guard>x&gt;=16 &amp; x&lt;=16.1</guard>
			<assignment>x:=0</assignment>
		</transition>
		<transition source="1" target="53">
			<label>add_52</label>
			<guard>x&gt;=16 &amp; x&lt;=16.1</guard>
			<assignment>x:=0</assignment>
		</transition>
		<transition source="1" target="54">
			<label>add_53</label>
			<guard>x&gt;=16 &amp; x&lt;=16.1</guard>
			<assignment>x:=0</assignment>
		</transition>
		<transition source="1" target="55">
			<label>add_54</label>
			<guard>x&gt;=16 &amp; x&lt;=16.1</guard>
			<assignment>x:=0</assignment>
		</transition>
		<transition source="1" target="56">
			<label>add_55</label>
			<guard>x&gt;=16 &amp; x&lt;=16.1</guard>
			<assignment>x:=0</assignment>
		</transition>
		<transition source="1" target="57">
			<label>add_56</label>
			<guard>x&gt;=16 &amp; x&lt;=16.1</guard>
			<assignment>x:=0</assignment>
		</transition>
		<transition source="2" target="1">
			<label>remove_1</label>
			<guard>x&gt;=5 &amp; x&lt;=5.9</guard>
			<assignment>x:=0</assignment>
		</transition>
		<transition source="3" target="1">
			<label>remove_2</label>
			<guard>x&gt;=5 &amp; x&lt;=5.9</guard>
			<assignment>x:=0</assignment>
		</transition>
		<transition source="4" target="1">
			<label>remove_3</label>
			<guard>x&gt;=5 &amp; x&lt;=5.9</guard>
			<assignment>x:=0</assignment>
		</transition>
		<transition source="5" target="1">
			<label>remove_4</label>
			<guard>x&gt;=5 &amp; x&lt;=5.9</guard>
			<assignment>x:=0</assignment>
		</transition>
		<transition source="6" target="1">
			<label>remove_5</label>
			<guard>x&gt;=5 &amp; x&lt;=5.9</guard>
			<assignment>x:=0</assignment>
		</transition>
		<transition source="7" target="1">
			<label>remove_6</label>
			<guard>x&gt;=5 &amp; x&lt;=5.9</guard>
			<assignment>x:=0</assignment>
		</transition>
		<transition source="8" target="1">
			<label>remove_7</label>
			<guard>x&gt;=5 &amp; x&lt;=5.9</guard>
			<assignment>x:=0</assignment>
		</transition>
		<transition source="9" target="1">
			<label>remove_8</label>
			<guard>x&gt;=5 &amp; x&lt;=5.9</guard>
			<assignment>x:=0</assignment>
		</transition>
		<transition source="10" target="1">
			<label>remove_9</label>
			<guard>x&gt;=5 &amp; x&lt;=5.9</guard>
			<assignment>x:=0</assignment>
		</transition>
		<transition source="11" target="1">
			<label>remove_10</label>
			<guard>x&gt;=5 &amp; x&lt;=5.9</guard>
			<assignment>x:=0</assignment>
		</transition>
		<transition source="12" target="1">
			<label>remove_11</label>
			<guard>x&gt;=5 &amp; x&lt;=5.9</guard>
			<assignment>x:=0</assignment>
		</transition>
		<transition source="13" target="1">
			<label>remove_12</label>
			<guard>x&gt;=5 &amp; x&lt;=5.9</guard>
			<assignment>x:=0</assignment>
		</transition>
		<transition source="14" target="1">
			<label>remove_13</label>
			<guard>x&gt;=5 &amp; x&lt;=5.9</guard>
			<assignment>x:=0</assignment>
		</transition>
		<transition source="15" target="1">
			<label>remove_14</label>
			<guard>x&gt;=5 &amp; x&lt;=5.9</guard>
			<assignment>x:=0</assignment>
		</transition>
		<transition source="16" target="1">
			<label>remove_15</label>
			<guard>x&gt;=5 &amp; x&lt;=5.9</guard>
			<assignment>x:=0</assignment>
		</transition>
		<transition source="17" target="1">
			<label>remove_16</label>
			<guard>x&gt;=5 &amp; x&lt;=5.9</guard>
			<assignment>x:=0</assignment>
		</transition>
		<transition source="18" target="1">
			<label>remove_17</label>
			<guard>x&gt;=5 &amp; x&lt;=5.9</guard>
			<assignment>x:=0</assignment>
		</transition>
		<transition source="19" target="1">
			<label>remove_18</label>
			<guard>x&gt;=5 &amp; x&lt;=5.9</guard>
			<assignment>x:=0</assignment>
		</transition>
		<transition source="20" target="1">
			<label>remove_19</label>
			<guard>x&gt;=5 &amp; x&lt;=5.9</guard>
			<assignment>x:=0</assignment>
		</transition>
		<transition source="21" target="1">
			<label>remove_20</label>
			<guard>x&gt;=5 &amp; x&lt;=5.9</guard>
			<assignment>x:=0</assignment>
		</transition>
		<transition source="22" target="1">
			<label>remove_21</label>
			<guard>x&gt;=5 &amp; x&lt;=5.9</guard>
			<assignment>x:=0</assignment>
		</transition>
		<transition source="23" target="1">
			<label>remove_22</label>
			<guard>x&gt;=5 &amp; x&lt;=5.9</guard>
			<assignment>x:=0</assignment>
		</transition>
		<transition source="24" target="1">
			<label>remove_23</label>
			<guard>x&gt;=5 &amp; x&lt;=5.9</guard>
			<assignment>x:=0</assignment>
		</transition>
		<transition source="25" target="1">
			<label>remove_24</label>
			<guard>x&gt;=5 &amp; x&lt;=5.9</guard>
			<assignment>x:=0</assignment>
		</transition>
		<transition source="26" target="1">
			<label>remove_25</label>
			<guard>x&gt;=5 &amp; x&lt;=5.9</guard>
			<assignment>x:=0</assignment>
		</transition>
		<transition source="27" target="1">
			<label>remove_26</label>
			<guard>x&gt;=5 &amp; x&lt;=5.9</guard>
			<assignment>x:=0</assignment>
		</transition>
		<transition source="28" target="1">
			<label>remove_27</label>
			<guard>x&gt;=5 &amp; x&lt;=5.9</guard>
			<assignment>x:=0</assignment>
		</transition>
		<transition source="29" target="1">
			<label>remove_28</label>
			<guard>x&gt;=5 &amp; x&lt;=5.9</guard>
			<assignment>x:=0</assignment>
		</transition>
		<transition source="30" target="1">
			<label>remove_29</label>
			<guard>x&gt;=5 &amp; x&lt;=5.9</guard>
			<assignment>x:=0</assignment>
		</transition>
		<transition source="31" target="1">
			<label>remove_30</label>
			<guard>x&gt;=5 &amp; x&lt;=5.9</guard>
			<assignment>x:=0</assignment>
		</transition>
		<transition source="32" target="1">
			<label>remove_31</label>
			<guard>x&gt;=5 &amp; x&lt;=5.9</guard>
			<assignment>x:=0</assignment>
		</transition>
		<transition source="33" target="1">
			<label>remove_32</label>
			<guard>x&gt;=5 &amp; x&lt;=5.9</guard>
			<assignment>x:=0</assignment>
		</transition>
		<transition source="34" target="1">
			<label>remove_33</label>
			<guard>x&gt;=5 &amp; x&lt;=5.9</guard>
			<assignment>x:=0</assignment>
		</transition>
		<transition source="35" target="1">
			<label>remove_34</label>
			<guard>x&gt;=5 &amp; x&lt;=5.9</guard>
			<assignment>x:=0</assignment>
		</transition>
		<transition source="36" target="1">
			<label>remove_35</label>
			<guard>x&gt;=5 &amp; x&lt;=5.9</guard>
			<assignment>x:=0</assignment>
		</transition>
		<transition source="37" target="1">
			<label>remove_36</label>
			<guard>x&gt;=5 &amp; x&lt;=5.9</guard>
			<assignment>x:=0</assignment>
		</transition>
		<transition source="38" target="1">
			<label>remove_37</label>
			<guard>x&gt;=5 &amp; x&lt;=5.9</guard>
			<assignment>x:=0</assignment>
		</transition>
		<transition source="39" target="1">
			<label>remove_38</label>
			<guard>x&gt;=5 &amp; x&lt;=5.9</guard>
			<assignment>x:=0</assignment>
		</transition>
		<transition source="40" target="1">
			<label>remove_39</label>
			<guard>x&gt;=5 &amp; x&lt;=5.9</guard>
			<assignment>x:=0</assignment>
		</transition>
		<transition source="41" target="1">
			<label>remove_40</label>
			<guard>x&gt;=5 &amp; x&lt;=5.9</guard>
			<assignment>x:=0</assignment>
		</transition>
		<transition source="42" target="1">
			<label>remove_41</label>
			<guard>x&gt;=5 &amp; x&lt;=5.9</guard>
			<assignment>x:=0</assignment>
		</transition>
		<transition source="43" target="1">
			<label>remove_42</label>
			<guard>x&gt;=5 &amp; x&lt;=5.9</guard>
			<assignment>x:=0</assignment>
		</transition>
		<transition source="44" target="1">
			<label>remove_43</label>
			<guard>x&gt;=5 &amp; x&lt;=5.9</guard>
			<assignment>x:=0</assignment>
		</transition>
		<transition source="45" target="1">
			<label>remove_44</label>
			<guard>x&gt;=5 &amp; x&lt;=5.9</guard>
			<assignment>x:=0</assignment>
		</transition>
		<transition source="46" target="1">
			<label>remove_45</label>
			<guard>x&gt;=5 &amp; x&lt;=5.9</guard>
			<assignment>x:=0</assignment>
		</transition>
		<transition source="47" target="1">
			<label>remove_46</label>
			<guard>x&gt;=5 &amp; x&lt;=5.9</guard>
			<assignment>x:=0</assignment>
		</transition>
		<transition source="48" target="1">
			<label>remove_47</label>
			<guard>x&gt;=5 &amp; x&lt;=5.9</guard>
			<assignment>x:=0</assignment>
		</transition>
		<transition source="49" target="1">
			<label>remove_48</label>
			<guard>x&gt;=5 &amp; x&lt;=5.9</guard>
			<assignment>x:=0</assignment>
		</transition>
		<transition source="50" target="1">
			<label>remove_49</label>
			<guard>x&gt;=5 &amp; x&lt;=5.9</guard>
			<assignment>x:=0</assignment>
		</transition>
		<transition source="51" target="1">
			<label>remove_50</label>
			<guard>x&gt;=5 &amp; x&lt;=5.9</guard>
			<assignment>x:=0</assignment>
		</transition>
		<transition source="52" target="1">
			<label>remove_51</label>
			<guard>x&gt;=5 &amp; x&lt;=5.9</guard>
			<assignment>x:=0</assignment>
		</transition>
		<transition source="53" target="1">
			<label>remove_52</label>
			<guard>x&gt;=5 &amp; x&lt;=5.9</guard>
			<assignment>x:=0</assignment>
		</transition>
		<transition source="54" target="1">
			<label>remove_53</label>
			<guard>x&gt;=5 &amp; x&lt;=5.9</guard>
			<assignment>x:=0</assignment>
		</transition>
		<transition source="55" target="1">
			<label>remove_54</label>
			<guard>x&gt;=5 &amp; x&lt;=5.9</guard>
			<assignment>x:=0</assignment>
		</transition>
		<transition source="56" target="1">
			<label>remove_55</label>
			<guard>x&gt;=5 &amp; x&lt;=5.9</guard>
			<assignment>x:=0</assignment>
		</transition>
		<transition source="57" target="1">
			<label>remove_56</label>
			<guard>x&gt;=5 &amp; x&lt;=5.9</guard>
			<assignment>x:=0</assignment>
		</transition>
	</component>
	<component id="system">
		<param name="t0" type="label" local="false" />
		<param name="rod_1_t0" type="label" local="false" />
		<param name="add_1" type="label" local="false" />
		<param name="remove_1" type="label" local="false" />
		<param name="recovery_1" type="label" local="false" />
		<param name="rod_2_t0" type="label" local="false" />
		<param name="add_2" type="label" local="false" />
		<param name="remove_2" type="label" local="false" />
		<param name="recovery_2" type="label" local="false" />
		<param name="rod_3_t0" type="label" local="false" />
		<param name="add_3" type="label" local="false" />
		<param name="remove_3" type="label" local="false" />
		<param name="recovery_3" type="label" local="false" />
		<param name="rod_4_t0" type="label" local="false" />
		<param name="add_4" type="label" local="false" />
		<param name="remove_4" type="label" local="false" />
		<param name="recovery_4" type="label" local="false" />
		<param name="rod_5_t0" type="label" local="false" />
		<param name="add_5" type="label" local="false" />
		<param name="remove_5" type="label" local="false" />
		<param name="recovery_5" type="label" local="false" />
		<param name="rod_6_t0" type="label" local="false" />
		<param name="add_6" type="label" local="false" />
		<param name="remove_6" type="label" local="false" />
		<param name="recovery_6" type="label" local="false" />
		<param name="rod_7_t0" type="label" local="false" />
		<param name="add_7" type="label" local="false" />
		<param name="remove_7" type="label" local="false" />
		<param name="recovery_7" type="label" local="false" />
		<param name="rod_8_t0" type="label" local="false" />
		<param name="add_8" type="label" local="false" />
		<param name="remove_8" type="label" local="false" />
		<param name="recovery_8" type="label" local="false" />
		<param name="rod_9_t0" type="label" local="false" />
		<param name="add_9" type="label" local="false" />
		<param name="remove_9" type="label" local="false" />
		<param name="recovery_9" type="label" local="false" />
		<param name="rod_10_t0" type="label" local="false" />
		<param name="add_10" type="label" local="false" />
		<param name="remove_10" type="label" local="false" />
		<param name="recovery_10" type="label" local="false" />
		<param name="rod_11_t0" type="label" local="false" />
		<param name="add_11" type="label" local="false" />
		<param name="remove_11" type="label" local="false" />
		<param name="recovery_11" type="label" local="false" />
		<param name="rod_12_t0" type="label" local="false" />
		<param name="add_12" type="label" local="false" />
		<param name="remove_12" type="label" local="false" />
		<param name="recovery_12" type="label" local="false" />
		<param name="rod_13_t0" type="label" local="false" />
		<param name="add_13" type="label" local="false" />
		<param name="remove_13" type="label" local="false" />
		<param name="recovery_13" type="label" local="false" />
		<param name="rod_14_t0" type="label" local="false" />
		<param name="add_14" type="label" local="false" />
		<param name="remove_14" type="label" local="false" />
		<param name="recovery_14" type="label" local="false" />
		<param name="rod_15_t0" type="label" local="false" />
		<param name="add_15" type="label" local="false" />
		<param name="remove_15" type="label" local="false" />
		<param name="recovery_15" type="label" local="false" />
		<param name="rod_16_t0" type="label" local="false" />
		<param name="add_16" type="label" local="false" />
		<param name="remove_16" type="label" local="false" />
		<param name="recovery_16" type="label" local="false" />
		<param name="rod_17_t0" type="label" local="false" />
		<param name="add_17" type="label" local="false" />
		<param name="remove_17" type="label" local="false" />
		<param name="recovery_17" type="label" local="false" />
		<param name="rod_18_t0" type="label" local="false" />
		<param name="add_18" type="label" local="false" />
		<param name="remove_18" type="label" local="false" />
		<param name="recovery_18" type="label" local="false" />
		<param name="rod_19_t0" type="label" local="false" />
		<param name="add_19" type="label" local="false" />
		<param name="remove_19" type="label" local="false" />
		<param name="recovery_19" type="label" local="false" />
		<param name="rod_20_t0" type="label" local="false" />
		<param name="add_20" type="label" local="false" />
		<param name="remove_20" type="label" local="false" />
		<param name="recovery_20" type="label" local="false" />
		<param name="rod_21_t0" type="label" local="false" />
		<param name="add_21" type="label" local="false" />
		<param name="remove_21" type="label" local="false" />
		<param name="recovery_21" type="label" local="false" />
		<param name="rod_22_t0" type="label" local="false" />
		<param name="add_22" type="label" local="false" />
		<param name="remove_22" type="label" local="false" />
		<param name="recovery_22" type="label" local="false" />
		<param name="rod_23_t0" type="label" local="false" />
		<param name="add_23" type="label" local="false" />
		<param name="remove_23" type="label" local="false" />
		<param name="recovery_23" type="label" local="false" />
		<param name="rod_24_t0" type="label" local="false" />
		<param name="add_24" type="label" local="false" />
		<param name="remove_24" type="label" local="false" />
		<param name="recovery_24" type="label" local="false" />
		<param name="rod_25_t0" type="label" local="false" />
		<param name="add_25" type="label" local="false" />
		<param name="remove_25" type="label" local="false" />
		<param name="recovery_25" type="label" local="false" />
		<param name="rod_26_t0" type="label" local="false" />
		<param name="add_26" type="label" local="false" />
		<param name="remove_26" type="label" local="false" />
		<param name="recovery_26" type="label" local="false" />
		<param name="rod_27_t0" type="label" local="false" />
		<param name="add_27" type="label" local="false" />
		<param name="remove_27" type="label" local="false" />
		<param name="recovery_27" type="label" local="false" />
		<param name="rod_28_t0" type="label" local="false" />
		<param name="add_28" type="label" local="false" />
		<param name="remove_28" type="label" local="false" />
		<param name="recovery_28" type="label" local="false" />
		<param name="rod_29_t0" type="label" local="false" />
		<param name="add_29" type="label" local="false" />
		<param name="remove_29" type="label" local="false" />
		<param name="recovery_29" type="label" local="false" />
		<param name="rod_30_t0" type="label" local="false" />
		<param name="add_30" type="label" local="false" />
		<param name="remove_30" type="label" local="false" />
		<param name="recovery_30" type="label" local="false" />
		<param name="rod_31_t0" type="label" local="false" />
		<param name="add_31" type="label" local="false" />
		<param name="remove_31" type="label" local="false" />
		<param name="recovery_31" type="label" local="false" />
		<param name="rod_32_t0" type="label" local="false" />
		<param name="add_32" type="label" local="false" />
		<param name="remove_32" type="label" local="false" />
		<param name="recovery_32" type="label" local="false" />
		<param name="rod_33_t0" type="label" local="false" />
		<param name="add_33" type="label" local="false" />
		<param name="remove_33" type="label" local="false" />
		<param name="recovery_33" type="label" local="false" />
		<param name="rod_34_t0" type="label" local="false" />
		<param name="add_34" type="label" local="false" />
		<param name="remove_34" type="label" local="false" />
		<param name="recovery_34" type="label" local="false" />
		<param name="rod_35_t0" type="label" local="false" />
		<param name="add_35" type="label" local="false" />
		<param name="remove_35" type="label" local="false" />
		<param name="recovery_35" type="label" local="false" />
		<param name="rod_36_t0" type="label" local="false" />
		<param name="add_36" type="label" local="false" />
		<param name="remove_36" type="label" local="false" />
		<param name="recovery_36" type="label" local="false" />
		<param name="rod_37_t0" type="label" local="false" />
		<param name="add_37" type="label" local="false" />
		<param name="remove_37" type="label" local="false" />
		<param name="recovery_37" type="label" local="false" />
		<param name="rod_38_t0" type="label" local="false" />
		<param name="add_38" type="label" local="false" />
		<param name="remove_38" type="label" local="false" />
		<param name="recovery_38" type="label" local="false" />
		<param name="rod_39_t0" type="label" local="false" />
		<param name="add_39" type="label" local="false" />
		<param name="remove_39" type="label" local="false" />
		<param name="recovery_39" type="label" local="false" />
		<param name="rod_40_t0" type="label" local="false" />
		<param name="add_40" type="label" local="false" />
		<param name="remove_40" type="label" local="false" />
		<param name="recovery_40" type="label" local="false" />
		<param name="rod_41_t0" type="label" local="false" />
		<param name="add_41" type="label" local="false" />
		<param name="remove_41" type="label" local="false" />
		<param name="recovery_41" type="label" local="false" />
		<param name="rod_42_t0" type="label" local="false" />
		<param name="add_42" type="label" local="false" />
		<param name="remove_42" type="label" local="false" />
		<param name="recovery_42" type="label" local="false" />
		<param name="rod_43_t0" type="label" local="false" />
		<param name="add_43" type="label" local="false" />
		<param name="remove_43" type="label" local="false" />
		<param name="recovery_43" type="label" local="false" />
		<param name="rod_44_t0" type="label" local="false" />
		<param name="add_44" type="label" local="false" />
		<param name="remove_44" type="label" local="false" />
		<param name="recovery_44" type="label" local="false" />
		<param name="rod_45_t0" type="label" local="false" />
		<param name="add_45" type="label" local="false" />
		<param name="remove_45" type="label" local="false" />
		<param name="recovery_45" type="label" local="false" />
		<param name="rod_46_t0" type="label" local="false" />
		<param name="add_46" type="label" local="false" />
		<param name="remove_46" type="label" local="false" />
		<param name="recovery_46" type="label" local="false" />
		<param name="rod_47_t0" type="label" local="false" />
		<param name="add_47" type="label" local="false" />
		<param name="remove_47" type="label" local="false" />
		<param name="recovery_47" type="label" local="false" />
		<param name="rod_48_t0" type="label" local="false" />
		<param name="add_48" type="label" local="false" />
		<param name="remove_48" type="label" local="false" />
		<param name="recovery_48" type="label" local="false" />
		<param name="rod_49_t0" type="label" local="false" />
		<param name="add_49" type="label" local="false" />
		<param name="remove_49" type="label" local="false" />
		<param name="recovery_49" type="label" local="false" />
		<param name="rod_50_t0" type="label" local="false" />
		<param name="add_50" type="label" local="false" />
		<param name="remove_50" type="label" local="false" />
		<param name="recovery_50" type="label" local="false" />
		<param name="rod_51_t0" type="label" local="false" />
		<param name="add_51" type="label" local="false" />
		<param name="remove_51" type="label" local="false" />
		<param name="recovery_51" type="label" local="false" />
		<param name="rod_52_t0" type="label" local="false" />
		<param name="add_52" type="label" local="false" />
		<param name="remove_52" type="label" local="false" />
		<param name="recovery_52" type="label" local="false" />
		<param name="rod_53_t0" type="label" local="false" />
		<param name="add_53" type="label" local="false" />
		<param name="remove_53" type="label" local="false" />
		<param name="recovery_53" type="label" local="false" />
		<param name="rod_54_t0" type="label" local="false" />
		<param name="add_54" type="label" local="false" />
		<param name="remove_54" type="label" local="false" />
		<param name="recovery_54" type="label" local="false" />
		<param name="rod_55_t0" type="label" local="false" />
		<param name="add_55" type="label" local="false" />
		<param name="remove_55" type="label" local="false" />
		<param name="recovery_55" type="label" local="false" />
		<param name="rod_56_t0" type="label" local="false" />
		<param name="add_56" type="label" local="false" />
		<param name="remove_56" type="label" local="false" />
		<param name="recovery_56" type="label" local="false" />
		<bind component="rod_template" as="rod_1">
			<map key="rod_t0">rod_1_t0</map>
			<map key="add">add_1</map>
			<map key="remove">remove_1</map>
			<map key="recovery">recovery_1</map>
		</bind>
		<bind component="rod_template" as="rod_2">
			<map key="rod_t0">rod_2_t0</map>
			<map key="add">add_2</map>
			<map key="remove">remove_2</map>
			<map key="recovery">recovery_2</map>
		</bind>
		<bind component="rod_template" as="rod_3">
			<map key="rod_t0">rod_3_t0</map>
			<map key="add">add_3</map>
			<map key="remove">remove_3</map>
			<map key="recovery">recovery_3</map>
		</bind>
		<bind component="rod_template" as="rod_4">
			<map key="rod_t0">rod_4_t0</map>
			<map key="add">add_4</map>
			<map key="remove">remove_4</map>
			<map key="recovery">recovery_4</map>
		</bind>
		<bind component="rod_template" as="rod_5">
			<map key="rod_t0">rod_5_t0</map>
			<map key="add">add_5</map>
			<map key="remove">remove_5</map>
			<map key="recovery">recovery_5</map>
		</bind>
		<bind component="rod_template" as="rod_6">
			<map key="rod_t0">rod_6_t0</map>
			<map key="add">add_6</map>
			<map key="remove">remove_6</map>
			<map key="recovery">recovery_6</map>
		</bind>
		<bind component="rod_template" as="rod_7">
			<map key="rod_t0">rod_7_t0</map>
			<map key="add">add_7</map>
			<map key="remove">remove_7</map>
			<map key="recovery">recovery_7</map>
		</bind>
		<bind component="rod_template" as="rod_8">
			<map key="rod_t0">rod_8_t0</map>
			<map key="add">add_8</map>
			<map key="remove">remove_8</map>
			<map key="recovery">recovery_8</map>
		</bind>
		<bind component="rod_template" as="rod_9">
			<map key="rod_t0">rod_9_t0</map>
			<map key="add">add_9</map>
			<map key="remove">remove_9</map>
			<map key="recovery">recovery_9</map>
		</bind>
		<bind component="rod_template" as="rod_10">
			<map key="rod_t0">rod_10_t0</map>
			<map key="add">add_10</map>
			<map key="remove">remove_10</map>
			<map key="recovery">recovery_10</map>
		</bind>
		<bind component="rod_template" as="rod_11">
			<map key="rod_t0">rod_11_t0</map>
			<map key="add">add_11</map>
			<map key="remove">remove_11</map>
			<map key="recovery">recovery_11</map>
		</bind>
		<bind component="rod_template" as="rod_12">
			<map key="rod_t0">rod_12_t0</map>
			<map key="add">add_12</map>
			<map key="remove">remove_12</map>
			<map key="recovery">recovery_12</map>
		</bind>
		<bind component="rod_template" as="rod_13">
			<map key="rod_t0">rod_13_t0</map>
			<map key="add">add_13</map>
			<map key="remove">remove_13</map>
			<map key="recovery">recovery_13</map>
		</bind>
		<bind component="rod_template" as="rod_14">
			<map key="rod_t0">rod_14_t0</map>
			<map key="add">add_14</map>
			<map key="remove">remove_14</map>
			<map key="recovery">recovery_14</map>
		</bind>
		<bind component="rod_template" as="rod_15">
			<map key="rod_t0">rod_15_t0</map>
			<map key="add">add_15</map>
			<map key="remove">remove_15</map>
			<map key="recovery">recovery_15</map>
		</bind>
		<bind component="rod_template" as="rod_16">
			<map key="rod_t0">rod_16_t0</map>
			<map key="add">add_16</map>
			<map key="remove">remove_16</map>
			<map key="recovery">recovery_16</map>
		</bind>
		<bind component="rod_template" as="rod_17">
			<map key="rod_t0">rod_17_t0</map>
			<map key="add">add_17</map>
			<map key="remove">remove_17</map>
			<map key="recovery">recovery_17</map>
		</bind>
		<bind component="rod_template" as="rod_18">
			<map key="rod_t0">rod_18_t0</map>
			<map key="add">add_18</map>
			<map key="remove">remove_18</map>
			<map key="recovery">recovery_18</map>
		</bind>
		<bind component="rod_template" as="rod_19">
			<map key="rod_t0">rod_19_t0</map>
			<map key="add">add_19</map>
			<map key="remove">remove_19</map>
			<map key="recovery">recovery_19</map>
		</bind>
		<bind component="rod_template" as="rod_20">
			<map key="rod_t0">rod_20_t0</map>
			<map key="add">add_20</map>
			<map key="remove">remove_20</map>
			<map key="recovery">recovery_20</map>
		</bind>
		<bind component="rod_template" as="rod_21">
			<map key="rod_t0">rod_21_t0</map>
			<map key="add">add_21</map>
			<map key="remove">remove_21</map>
			<map key="recovery">recovery_21</map>
		</bind>
		<bind component="rod_template" as="rod_22">
			<map key="rod_t0">rod_22_t0</map>
			<map key="add">add_22</map>
			<map key="remove">remove_22</map>
			<map key="recovery">recovery_22</map>
		</bind>
		<bind component="rod_template" as="rod_23">
			<map key="rod_t0">rod_23_t0</map>
			<map key="add">add_23</map>
			<map key="remove">remove_23</map>
			<map key="recovery">recovery_23</map>
		</bind>
		<bind component="rod_template" as="rod_24">
			<map key="rod_t0">rod_24_t0</map>
			<map key="add">add_24</map>
			<map key="remove">remove_24</map>
			<map key="recovery">recovery_24</map>
		</bind>
		<bind component="rod_template" as="rod_25">
			<map key="rod_t0">rod_25_t0</map>
			<map key="add">add_25</map>
			<map key="remove">remove_25</map>
			<map key="recovery">recovery_25</map>
		</bind>
		<bind component="rod_template" as="rod_26">
			<map key="rod_t0">rod_26_t0</map>
			<map key="add">add_26</map>
			<map key="remove">remove_26</map>
			<map key="recovery">recovery_26</map>
		</bind>
		<bind component="rod_template" as="rod_27">
			<map key="rod_t0">rod_27_t0</map>
			<map key="add">add_27</map>
			<map key="remove">remove_27</map>
			<map key="recovery">recovery_27</map>
		</bind>
		<bind component="rod_template" as="rod_28">
			<map key="rod_t0">rod_28_t0</map>
			<map key="add">add_28</map>
			<map key="remove">remove_28</map>
			<map key="recovery">recovery_28</map>
		</bind>
		<bind component="rod_template" as="rod_29">
			<map key="rod_t0">rod_29_t0</map>
			<map key="add">add_29</map>
			<map key="remove">remove_29</map>
			<map key="recovery">recovery_29</map>
		</bind>
		<bind component="rod_template" as="rod_30">
			<map key="rod_t0">rod_30_t0</map>
			<map key="add">add_30</map>
			<map key="remove">remove_30</map>
			<map key="recovery">recovery_30</map>
		</bind>
		<bind component="rod_template" as="rod_31">
			<map key="rod_t0">rod_31_t0</map>
			<map key="add">add_31</map>
			<map key="remove">remove_31</map>
			<map key="recovery">recovery_31</map>
		</bind>
		<bind component="rod_template" as="rod_32">
			<map key="rod_t0">rod_32_t0</map>
			<map key="add">add_32</map>
			<map key="remove">remove_32</map>
			<map key="recovery">recovery_32</map>
		</bind>
		<bind component="rod_template" as="rod_33">
			<map key="rod_t0">rod_33_t0</map>
			<map key="add">add_33</map>
			<map key="remove">remove_33</map>
			<map key="recovery">recovery_33</map>
		</bind>
		<bind component="rod_template" as="rod_34">
			<map key="rod_t0">rod_34_t0</map>
			<map key="add">add_34</map>
			<map key="remove">remove_34</map>
			<map key="recovery">recovery_34</map>
		</bind>
		<bind component="rod_template" as="rod_35">
			<map key="rod_t0">rod_35_t0</map>
			<map key="add">add_35</map>
			<map key="remove">remove_35</map>
			<map key="recovery">recovery_35</map>
		</bind>
		<bind component="rod_template" as="rod_36">
			<map key="rod_t0">rod_36_t0</map>
			<map key="add">add_36</map>
			<map key="remove">remove_36</map>
			<map key="recovery">recovery_36</map>
		</bind>
		<bind component="rod_template" as="rod_37">
			<map key="rod_t0">rod_37_t0</map>
			<map key="add">add_37</map>
			<map key="remove">remove_37</map>
			<map key="recovery">recovery_37</map>
		</bind>
		<bind component="rod_template" as="rod_38">
			<map key="rod_t0">rod_38_t0</map>
			<map key="add">add_38</map>
			<map key="remove">remove_38</map>
			<map key="recovery">recovery_38</map>
		</bind>
		<bind component="rod_template" as="rod_39">
			<map key="rod_t0">rod_39_t0</map>
			<map key="add">add_39</map>
			<map key="remove">remove_39</map>
			<map key="recovery">recovery_39</map>
		</bind>
		<bind component="rod_template" as="rod_40">
			<map key="rod_t0">rod_40_t0</map>
			<map key="add">add_40</map>
			<map key="remove">remove_40</map>
			<map key="recovery">recovery_40</map>
		</bind>
		<bind component="rod_template" as="rod_41">
			<map key="rod_t0">rod_41_t0</map>
			<map key="add">add_41</map>
			<map key="remove">remove_41</map>
			<map key="recovery">recovery_41</map>
		</bind>
		<bind component="rod_template" as="rod_42">
			<map key="rod_t0">rod_42_t0</map>
			<map key="add">add_42</map>
			<map key="remove">remove_42</map>
			<map key="recovery">recovery_42</map>
		</bind>
		<bind component="rod_template" as="rod_43">
			<map key="rod_t0">rod_43_t0</map>
			<map key="add">add_43</map>
			<map key="remove">remove_43</map>
			<map key="recovery">recovery_43</map>
		</bind>
		<bind component="rod_template" as="rod_44">
			<map key="rod_t0">rod_44_t0</map>
			<map key="add">add_44</map>
			<map key="remove">remove_44</map>
			<map key="recovery">recovery_44</map>
		</bind>
		<bind component="rod_template" as="rod_45">
			<map key="rod_t0">rod_45_t0</map>
			<map key="add">add_45</map>
			<map key="remove">remove_45</map>
			<map key="recovery">recovery_45</map>
		</bind>
		<bind component="rod_template" as="rod_46">
			<map key="rod_t0">rod_46_t0</map>
			<map key="add">add_46</map>
			<map key="remove">remove_46</map>
			<map key="recovery">recovery_46</map>
		</bind>
		<bind component="rod_template" as="rod_47">
			<map key="rod_t0">rod_47_t0</map>
			<map key="add">add_47</map>
			<map key="remove">remove_47</map>
			<map key="recovery">recovery_47</map>
		</bind>
		<bind component="rod_template" as="rod_48">
			<map key="rod_t0">rod_48_t0</map>
			<map key="add">add_48</map>
			<map key="remove">remove_48</map>
			<map key="recovery">recovery_48</map>
		</bind>
		<bind component="rod_template" as="rod_49">
			<map key="rod_t0">rod_49_t0</map>
			<map key="add">add_49</map>
			<map key="remove">remove_49</map>
			<map key="recovery">recovery_49</map>
		</bind>
		<bind component="rod_template" as="rod_50">
			<map key="rod_t0">rod_50_t0</map>
			<map key="add">add_50</map>
			<map key="remove">remove_50</map>
			<map key="recovery">recovery_50</map>
		</bind>
		<bind component="rod_template" as="rod_51">
			<map key="rod_t0">rod_51_t0</map>
			<map key="add">add_51</map>
			<map key="remove">remove_51</map>
			<map key="recovery">recovery_51</map>
		</bind>
		<bind component="rod_template" as="rod_52">
			<map key="rod_t0">rod_52_t0</map>
			<map key="add">add_52</map>
			<map key="remove">remove_52</map>
			<map key="recovery">recovery_52</map>
		</bind>
		<bind component="rod_template" as="rod_53">
			<map key="rod_t0">rod_53_t0</map>
			<map key="add">add_53</map>
			<map key="remove">remove_53</map>
			<map key="recovery">recovery_53</map>
		</bind>
		<bind component="rod_template" as="rod_54">
			<map key="rod_t0">rod_54_t0</map>
			<map key="add">add_54</map>
			<map key="remove">remove_54</map>
			<map key="recovery">recovery_54</map>
		</bind>
		<bind component="rod_template" as="rod_55">
			<map key="rod_t0">rod_55_t0</map>
			<map key="add">add_55</map>
			<map key="remove">remove_55</map>
			<map key="recovery">recovery_55</map>
		</bind>
		<bind component="rod_template" as="rod_56">
			<map key="rod_t0">rod_56_t0</map>
			<map key="add">add_56</map>
			<map key="remove">remove_56</map>
			<map key="recovery">recovery_56</map>
		</bind>
		<bind component="controller_template" as="controller">
			<map key="t0">t0</map>
			<map key="add_1">add_1</map>
			<map key="remove_1">remove_1</map>
			<map key="add_2">add_2</map>
			<map key="remove_2">remove_2</map>
			<map key="add_3">add_3</map>
			<map key="remove_3">remove_3</map>
			<map key="add_4">add_4</map>
			<map key="remove_4">remove_4</map>
			<map key="add_5">add_5</map>
			<map key="remove_5">remove_5</map>
			<map key="add_6">add_6</map>
			<map key="remove_6">remove_6</map>
			<map key="add_7">add_7</map>
			<map key="remove_7">remove_7</map>
			<map key="add_8">add_8</map>
			<map key="remove_8">remove_8</map>
			<map key="add_9">add_9</map>
			<map key="remove_9">remove_9</map>
			<map key="add_10">add_10</map>
			<map key="remove_10">remove_10</map>
			<map key="add_11">add_11</map>
			<map key="remove_11">remove_11</map>
			<map key="add_12">add_12</map>
			<map key="remove_12">remove_12</map>
			<map key="add_13">add_13</map>
			<map key="remove_13">remove_13</map>
			<map key="add_14">add_14</map>
			<map key="remove_14">remove_14</map>
			<map key="add_15">add_15</map>
			<map key="remove_15">remove_15</map>
			<map key="add_16">add_16</map>
			<map key="remove_16">remove_16</map>
			<map key="add_17">add_17</map>
			<map key="remove_17">remove_17</map>
			<map key="add_18">add_18</map>
			<map key="remove_18">remove_18</map>
			<map key="add_19">add_19</map>
			<map key="remove_19">remove_19</map>
			<map key="add_20">add_20</map>
			<map key="remove_20">remove_20</map>
			<map key="add_21">add_21</map>
			<map key="remove_21">remove_21</map>
			<map key="add_22">add_22</map>
			<map key="remove_22">remove_22</map>
			<map key="add_23">add_23</map>
			<map key="remove_23">remove_23</map>
			<map key="add_24">add_24</map>
			<map key="remove_24">remove_24</map>
			<map key="add_25">add_25</map>
			<map key="remove_25">remove_25</map>
			<map key="add_26">add_26</map>
			<map key="remove_26">remove_26</map>
			<map key="add_27">add_27</map>
			<map key="remove_27">remove_27</map>
			<map key="add_28">add_28</map>
			<map key="remove_28">remove_28</map>
			<map key="add_29">add_29</map>
			<map key="remove_29">remove_29</map>
			<map key="add_30">add_30</map>
			<map key="remove_30">remove_30</map>
			<map key="add_31">add_31</map>
			<map key="remove_31">remove_31</map>
			<map key="add_32">add_32</map>
			<map key="remove_32">remove_32</map>
			<map key="add_33">add_33</map>
			<map key="remove_33">remove_33</map>
			<map key="add_34">add_34</map>
			<map key="remove_34">remove_34</map>
			<map key="add_35">add_35</map>
			<map key="remove_35">remove_35</map>
			<map key="add_36">add_36</map>
			<map key="remove_36">remove_36</map>
			<map key="add_37">add_37</map>
			<map key="remove_37">remove_37</map>
			<map key="add_38">add_38</map>
			<map key="remove_38">remove_38</map>
			<map key="add_39">add_39</map>
			<map key="remove_39">remove_39</map>
			<map key="add_40">add_40</map>
			<map key="remove_40">remove_40</map>
			<map key="add_41">add_41</map>
			<map key="remove_41">remove_41</map>
			<map key="add_42">add_42</map>
			<map key="remove_42">remove_42</map>
			<map key="add_43">add_43</map>
			<map key="remove_43">remove_43</map>
			<map key="add_44">add_44</map>
			<map key="remove_44">remove_44</map>
			<map key="add_45">add_45</map>
			<map key="remove_45">remove_45</map>
			<map key="add_46">add_46</map>
			<map key="remove_46">remove_46</map>
			<map key="add_47">add_47</map>
			<map key="remove_47">remove_47</map>
			<map key="add_48">add_48</map>
			<map key="remove_48">remove_48</map>
			<map key="add_49">add_49</map>
			<map key="remove_49">remove_49</map>
			<map key="add_50">add_50</map>
			<map key="remove_50">remove_50</map>
			<map key="add_51">add_51</map>
			<map key="remove_51">remove_51</map>
			<map key="add_52">add_52</map>
			<map key="remove_52">remove_52</map>
			<map key="add_53">add_53</map>
			<map key="remove_53">remove_53</map>
			<map key="add_54">add_54</map>
			<map key="remove_54">remove_54</map>
			<map key="add_55">add_55</map>
			<map key="remove_55">remove_55</map>
			<map key="add_56">add_56</map>
			<map key="remove_56">remove_56</map>
		</bind>
	</component>
</sspaceex>
