<?xml version="1.0" encoding="UTF-8"?>
<sspaceex xmlns="http://www-verimag.imag.fr/xml-namespaces/sspaceex" version="0.2" math="SpaceEx">
	<component id="rod_template">
		<param name="x" type="real" local="true" d1="1" d2="1" dynamics="any" />
		<param name="rod_t0" type="label" local="false" />
		<param name="add" type="label" local="false" />
		<param name="remove" type="label" local="false" />
		<param name="recovery" type="label" local="false" />
		<location id="1" name="out">
			<invariant>x&lt;=10000</invariant>
			<flow>x'&lt;=1.1 &amp; x'&gt;=0.9</flow>
		</location>
		<location id="2" name="in">
			<invariant>x&lt;=10000</invariant>
			<flow>x'&lt;=1.1 &amp; x'&gt;=0.9</flow>
		</location>
		<location id="3" name="recover">
			<invariant>x&lt;=10000</invariant>
			<flow>x'&lt;=1.1 &amp; x'&gt;=0.9</flow>
		</location>
		<transition source="1" target="2">
			<label>add</label>
			<guard>x&gt;=1</guard>
			<assignment>x:=0</assignment>
		</transition>
		<transition source="2" target="3">
			<label>remove</label>
		</transition>
		<transition source="3" target="1">
			<label>recovery</label>
		</transition>
	</component>
	<component id="controller_template">
		<param name="x" type="real" local="true" d1="1" d2="1" dynamics="any" />
		<param name="t0" type="label" local="false" />
		<param name="add_1" type="label" local="false" />
		<param name="remove_1" type="label" local="false" />
		<param name="add_2" type="label" local="false" />
		<param name="remove_2" type="label" local="false" />
		<param name="add_3" type="label" local="false" />
		<param name="remove_3" type="label" local="false" />
		<param name="add_4" type="label" local="false" />
		<param name="remove_4" type="label" local="false" />
		<param name="add_5" type="label" local="false" />
		<param name="remove_5" type="label" local="false" />
		<param name="add_6" type="label" local="false" />
		<param name="remove_6" type="label" local="false" />
		<location id="1" name="rod_0">
			<invariant>x&lt;=16.1</invariant>
			<flow>x'&lt;=1.1 &amp; x'&gt;=0.9</flow>
		</location>
		<location id=2 name="rod_1">
			<invariant>x&lt;=5.9</invariant>
			<flow>x'&lt;=1.1 &amp; x'&gt;=0.9</flow>
		</location>
		<location id=3 name="rod_2">
			<invariant>x&lt;=5.9</invariant>
			<flow>x'&lt;=1.1 &amp; x'&gt;=0.9</flow>
		</location>
		<location id=4 name="rod_3">
			<invariant>x&lt;=5.9</invariant>
			<flow>x'&lt;=1.1 &amp; x'&gt;=0.9</flow>
		</location>
		<location id=5 name="rod_4">
			<invariant>x&lt;=5.9</invariant>
			<flow>x'&lt;=1.1 &amp; x'&gt;=0.9</flow>
		</location>
		<location id=6 name="rod_5">
			<invariant>x&lt;=5.9</invariant>
			<flow>x'&lt;=1.1 &amp; x'&gt;=0.9</flow>
		</location>
		<location id=7 name="rod_6">
			<invariant>x&lt;=5.9</invariant>
			<flow>x'&lt;=1.1 &amp; x'&gt;=0.9</flow>
		</location>
		<transition source="1" target="2">
			<label>add_1</label>
			<guard>x&gt;=16 &amp; x&lt;=16.1</guard>
			<assignment>x:=0</assignment>
		</transition>
		<transition source="1" target="3">
			<label>add_2</label>
			<guard>x&gt;=16 &amp; x&lt;=16.1</guard>
			<assignment>x:=0</assignment>
		</transition>
		<transition source="1" target="4">
			<label>add_3</label>
			<guard>x&gt;=16 &amp; x&lt;=16.1</guard>
			<assignment>x:=0</assignment>
		</transition>
		<transition source="1" target="5">
			<label>add_4</label>
			<guard>x&gt;=16 &amp; x&lt;=16.1</guard>
			<assignment>x:=0</assignment>
		</transition>
		<transition source="1" target="6">
			<label>add_5</label>
			<guard>x&gt;=16 &amp; x&lt;=16.1</guard>
			<assignment>x:=0</assignment>
		</transition>
		<transition source="1" target="7">
			<label>add_6</label>
			<guard>x&gt;=16 &amp; x&lt;=16.1</guard>
			<assignment>x:=0</assignment>
		</transition>
		<transition source="2" target="1">
			<label>remove_1</label>
			<guard>x&gt;=5 &amp; x&lt;=5.9</guard>
			<assignment>x:=0</assignment>
		</transition>
		<transition source="3" target="1">
			<label>remove_2</label>
			<guard>x&gt;=5 &amp; x&lt;=5.9</guard>
			<assignment>x:=0</assignment>
		</transition>
		<transition source="4" target="1">
			<label>remove_3</label>
			<guard>x&gt;=5 &amp; x&lt;=5.9</guard>
			<assignment>x:=0</assignment>
		</transition>
		<transition source="5" target="1">
			<label>remove_4</label>
			<guard>x&gt;=5 &amp; x&lt;=5.9</guard>
			<assignment>x:=0</assignment>
		</transition>
		<transition source="6" target="1">
			<label>remove_5</label>
			<guard>x&gt;=5 &amp; x&lt;=5.9</guard>
			<assignment>x:=0</assignment>
		</transition>
		<transition source="7" target="1">
			<label>remove_6</label>
			<guard>x&gt;=5 &amp; x&lt;=5.9</guard>
			<assignment>x:=0</assignment>
		</transition>
	</component>
	<component id="system">
		<param name="t0" type="label" local="false" />
		<param name="rod_1_t0" type="label" local="false" />
		<param name="add_1" type="label" local="false" />
		<param name="remove_1" type="label" local="false" />
		<param name="recovery_1" type="label" local="false" />
		<param name="rod_2_t0" type="label" local="false" />
		<param name="add_2" type="label" local="false" />
		<param name="remove_2" type="label" local="false" />
		<param name="recovery_2" type="label" local="false" />
		<param name="rod_3_t0" type="label" local="false" />
		<param name="add_3" type="label" local="false" />
		<param name="remove_3" type="label" local="false" />
		<param name="recovery_3" type="label" local="false" />
		<param name="rod_4_t0" type="label" local="false" />
		<param name="add_4" type="label" local="false" />
		<param name="remove_4" type="label" local="false" />
		<param name="recovery_4" type="label" local="false" />
		<param name="rod_5_t0" type="label" local="false" />
		<param name="add_5" type="label" local="false" />
		<param name="remove_5" type="label" local="false" />
		<param name="recovery_5" type="label" local="false" />
		<param name="rod_6_t0" type="label" local="false" />
		<param name="add_6" type="label" local="false" />
		<param name="remove_6" type="label" local="false" />
		<param name="recovery_6" type="label" local="false" />
		<bind component="rod_template" as="rod_1">
			<map key="rod_t0">rod_1_t0</map>
			<map key="add">add_1</map>
			<map key="remove">remove_1</map>
			<map key="recovery">recovery_1</map>
		</bind>
		<bind component="rod_template" as="rod_2">
			<map key="rod_t0">rod_2_t0</map>
			<map key="add">add_2</map>
			<map key="remove">remove_2</map>
			<map key="recovery">recovery_2</map>
		</bind>
		<bind component="rod_template" as="rod_3">
			<map key="rod_t0">rod_3_t0</map>
			<map key="add">add_3</map>
			<map key="remove">remove_3</map>
			<map key="recovery">recovery_3</map>
		</bind>
		<bind component="rod_template" as="rod_4">
			<map key="rod_t0">rod_4_t0</map>
			<map key="add">add_4</map>
			<map key="remove">remove_4</map>
			<map key="recovery">recovery_4</map>
		</bind>
		<bind component="rod_template" as="rod_5">
			<map key="rod_t0">rod_5_t0</map>
			<map key="add">add_5</map>
			<map key="remove">remove_5</map>
			<map key="recovery">recovery_5</map>
		</bind>
		<bind component="rod_template" as="rod_6">
			<map key="rod_t0">rod_6_t0</map>
			<map key="add">add_6</map>
			<map key="remove">remove_6</map>
			<map key="recovery">recovery_6</map>
		</bind>
		<bind component="controller_template" as="controller">
			<map key="t0">t0</map>
			<map key="add_1">add_1</map>
			<map key="remove_1">remove_1</map>
			<map key="add_2">add_2</map>
			<map key="remove_2">remove_2</map>
			<map key="add_3">add_3</map>
			<map key="remove_3">remove_3</map>
			<map key="add_4">add_4</map>
			<map key="remove_4">remove_4</map>
			<map key="add_5">add_5</map>
			<map key="remove_5">remove_5</map>
			<map key="add_6">add_6</map>
			<map key="remove_6">remove_6</map>
		</bind>
	</component>
</sspaceex>
